fonte_recurso,campo,decisao_proposta,destino_finalidade,justificativa_individual,estado
legado,inscricao_cartografica,Manter,Vínculos e identidade,Identificar unidade/lote/edifício e manter vínculos cadastrais; não juntar unidades por prefixo. Validar formato e domínio de unidade principal.,Proposta de revisão; não implementada
legado,isn_sia_cadiptu_asg,Manter,Vínculos e identidade,Identificar unidade/lote/edifício e manter vínculos cadastrais; não juntar unidades por prefixo. Validar formato e domínio de unidade principal.,Proposta de revisão; não implementada
legado,info_status_ipt,Manter,Ficha cadastral e dicionário,"Conservar código e descrição para traduzir domínios, situação e características. Preservar classificação fiscal separada de tipo comercial; nulo/zero não são automaticamente ausência.",Proposta de revisão; não implementada
legado,status,Manter,Ficha cadastral e dicionário,"Conservar código e descrição para traduzir domínios, situação e características. Preservar classificação fiscal separada de tipo comercial; nulo/zero não são automaticamente ausência.",Proposta de revisão; não implementada
legado,tpedif1,Manter,Ficha cadastral e dicionário,"Conservar código e descrição para traduzir domínios, situação e características. Preservar classificação fiscal separada de tipo comercial; nulo/zero não são automaticamente ausência.",Proposta de revisão; não implementada
legado,tipo_edificacao,Manter,Ficha cadastral e dicionário,"Conservar código e descrição para traduzir domínios, situação e características. Preservar classificação fiscal separada de tipo comercial; nulo/zero não são automaticamente ausência.",Proposta de revisão; não implementada
legado,info_posicao_fiscal_ipt,Excluir,Não migrar,"Controle fiscal/processual, revisão, geração de débito ou parcelas sem necessidade definida para identificação e descrição imobiliária.",Proposta de revisão; não implementada
legado,posicao_fiscal,Excluir,Não migrar,"Controle fiscal/processual, revisão, geração de débito ou parcelas sem necessidade definida para identificação e descrição imobiliária.",Proposta de revisão; não implementada
legado,info_isencao_fiscal_ipt,Excluir,Não migrar,"Controle fiscal/processual, revisão, geração de débito ou parcelas sem necessidade definida para identificação e descrição imobiliária.",Proposta de revisão; não implementada
legado,data_inclusao_ipt,Excluir,Não migrar,Datas/controles de inclusão e recadastramento e horário de operação; não são idade do imóvel e não têm papel definido na ficha consolidada.,Proposta de revisão; não implementada
legado,data_alteracao_ipt,Excluir,Não migrar,Representação redundante da data já mantida em data_alteracao_ipt_dt; validar conversão antes da carga e preservar original no arquivo-fonte.,Proposta de revisão; não implementada
legado,matr_alterador_ipt,Excluir,Não migrar,"Matrícula de operador, número de processo e comentário administrativo interno; explicitamente fora da migração.",Proposta de revisão; não implementada
legado,info_recadastramento_ipt,Excluir,Não migrar,Datas/controles de inclusão e recadastramento e horário de operação; não são idade do imóvel e não têm papel definido na ficha consolidada.,Proposta de revisão; não implementada
legado,codg_lograd_imovel_ipt,Manter,Endereço,Compor endereço e preservar códigos para cruzamento; conferir divergências com GEO360 sem perder complemento da unidade.,Proposta de revisão; não implementada
legado,nome_lograd_imovel_ipt,Manter,Endereço,Compor endereço e preservar códigos para cruzamento; conferir divergências com GEO360 sem perder complemento da unidade.,Proposta de revisão; não implementada
legado,nr_porta,Manter,Endereço,Compor endereço e preservar códigos para cruzamento; conferir divergências com GEO360 sem perder complemento da unidade.,Proposta de revisão; não implementada
legado,complemento,Manter,Endereço,Compor endereço e preservar códigos para cruzamento; conferir divergências com GEO360 sem perder complemento da unidade.,Proposta de revisão; não implementada
legado,quadra_loteamento,Manter,Endereço,Compor endereço e preservar códigos para cruzamento; conferir divergências com GEO360 sem perder complemento da unidade.,Proposta de revisão; não implementada
legado,lote_loteamento,Manter,Endereço,Compor endereço e preservar códigos para cruzamento; conferir divergências com GEO360 sem perder complemento da unidade.,Proposta de revisão; não implementada
legado,codg_bairro_imovel_ipt,Manter,Endereço,Compor endereço e preservar códigos para cruzamento; conferir divergências com GEO360 sem perder complemento da unidade.,Proposta de revisão; não implementada
legado,nome_bairro_bai,Excluir,Não migrar,Vazio no CSV inteiro; obter nome pelo código/vínculo de bairro. Não criar campo vazio redundante.,Proposta de revisão; não implementada
legado,numr_cim_contribuinte_ipt,Excluir,Não migrar,Sem preenchimento no original e sem relação útil demonstrada; usar documentos e vínculos tipados necessários.,Proposta de revisão; não implementada
legado,nome_contribuinte_ipt,Manter,Vínculos de pessoa,Identificar contribuinte e cruzar relação imobiliária por pessoa; dado cadastral não confirma proprietário atual. Não expor automaticamente em ficha pública.,Proposta de revisão; não implementada
legado,info_cpf_cgc_ipt,Manter,Vínculos de pessoa,Identificar contribuinte e cruzar relação imobiliária por pessoa; dado cadastral não confirma proprietário atual. Não expor automaticamente em ficha pública.,Proposta de revisão; não implementada
legado,nome_mae_ipt,Excluir,Não migrar,Não necessários para consolidar imóvel por IPTU e relacionar contribuinte; fora do recorte imobiliário desta migração.,Proposta de revisão; não implementada
legado,data_nascimento_ipt,Excluir,Não migrar,Não necessários para consolidar imóvel por IPTU e relacionar contribuinte; fora do recorte imobiliário desta migração.,Proposta de revisão; não implementada
legado,info_mesmo_imovel_ipt,Excluir,Não migrar,"Endereço/controle de correspondência pessoal, não endereço do imóvel. Excluir do recorte da ficha consolidada; eventual uso em captação exige definição separada.",Proposta de revisão; não implementada
legado,nome_lograd_av_ipt,Excluir,Não migrar,"Endereço/controle de correspondência pessoal, não endereço do imóvel. Excluir do recorte da ficha consolidada; eventual uso em captação exige definição separada.",Proposta de revisão; não implementada
legado,codg_lograd_av_ipt,Excluir,Não migrar,"Endereço/controle de correspondência pessoal, não endereço do imóvel. Excluir do recorte da ficha consolidada; eventual uso em captação exige definição separada.",Proposta de revisão; não implementada
legado,numr_imovel_av_ipt,Excluir,Não migrar,"Endereço/controle de correspondência pessoal, não endereço do imóvel. Excluir do recorte da ficha consolidada; eventual uso em captação exige definição separada.",Proposta de revisão; não implementada
legado,codg_bairro_av_ipt,Excluir,Não migrar,"Endereço/controle de correspondência pessoal, não endereço do imóvel. Excluir do recorte da ficha consolidada; eventual uso em captação exige definição separada.",Proposta de revisão; não implementada
legado,nome_bairro_av_ipt,Excluir,Não migrar,"Endereço/controle de correspondência pessoal, não endereço do imóvel. Excluir do recorte da ficha consolidada; eventual uso em captação exige definição separada.",Proposta de revisão; não implementada
legado,info_complem_av_ipt,Excluir,Não migrar,"Endereço/controle de correspondência pessoal, não endereço do imóvel. Excluir do recorte da ficha consolidada; eventual uso em captação exige definição separada.",Proposta de revisão; não implementada
legado,codg_municipio_av_ipt,Excluir,Não migrar,"Endereço/controle de correspondência pessoal, não endereço do imóvel. Excluir do recorte da ficha consolidada; eventual uso em captação exige definição separada.",Proposta de revisão; não implementada
legado,numr_cep_av_ipt,Excluir,Não migrar,"Endereço/controle de correspondência pessoal, não endereço do imóvel. Excluir do recorte da ficha consolidada; eventual uso em captação exige definição separada.",Proposta de revisão; não implementada
legado,numr_fone_ipt,Manter,Contato cadastral não validado,Preservar contato cadastral ligado à pessoa para futura conferência do Lab; não reconstruir DDD nem tratar como número atual/confirmado. Sem exposição pública ou disparo nesta etapa.,Proposta de revisão; não implementada
legado,totl_sublote_ipt,Manter,Ficha territorial,"Características, infraestrutura, contagens e dimensões do lote; validar domínio/unidade e não somar valores repetidos por apartamento.",Proposta de revisão; não implementada
legado,numr_sublote_princ_ipt,Manter,Vínculos e identidade,Identificar unidade/lote/edifício e manter vínculos cadastrais; não juntar unidades por prefixo. Validar formato e domínio de unidade principal.,Proposta de revisão; não implementada
legado,numr_frentes_ipt,Manter,Ficha territorial,"Características, infraestrutura, contagens e dimensões do lote; validar domínio/unidade e não somar valores repetidos por apartamento.",Proposta de revisão; não implementada
legado,frentes,Excluir,Não migrar,Coluna descritiva vazia em todo o original; preservar numr_frentes_ipt e dimensões de testada.,Proposta de revisão; não implementada
legado,qtde_area_terreno_ipt,Manter,Áreas separadas,"Áreas cadastrais por nível e valor original de referência; preservar conceito, origem e diferença sem equiparar a privativa.",Proposta de revisão; não implementada
legado,qtde_testada_ipt,Manter,Ficha territorial,"Características, infraestrutura, contagens e dimensões do lote; validar domínio/unidade e não somar valores repetidos por apartamento.",Proposta de revisão; não implementada
legado,qtde_area_edificada_ipt,Manter,Áreas separadas,"Áreas cadastrais por nível e valor original de referência; preservar conceito, origem e diferença sem equiparar a privativa.",Proposta de revisão; não implementada
legado,qtde_area_edif_total_ipt,Manter,Áreas separadas,"Áreas cadastrais por nível e valor original de referência; preservar conceito, origem e diferença sem equiparar a privativa.",Proposta de revisão; não implementada
legado,qtde_area_edif_total_ipt_original_legado,Manter,Áreas separadas,"Áreas cadastrais por nível e valor original de referência; preservar conceito, origem e diferença sem equiparar a privativa.",Proposta de revisão; não implementada
legado,info_propriedade_ipt,Manter,Ficha cadastral e dicionário,"Conservar código e descrição para traduzir domínios, situação e características. Preservar classificação fiscal separada de tipo comercial; nulo/zero não são automaticamente ausência.",Proposta de revisão; não implementada
legado,info_situacao_ipt,Manter,Ficha territorial,"Características, infraestrutura, contagens e dimensões do lote; validar domínio/unidade e não somar valores repetidos por apartamento.",Proposta de revisão; não implementada
legado,situacao_lote,Manter,Ficha territorial,"Características, infraestrutura, contagens e dimensões do lote; validar domínio/unidade e não somar valores repetidos por apartamento.",Proposta de revisão; não implementada
legado,info_topografia_ipt,Manter,Ficha territorial,"Características, infraestrutura, contagens e dimensões do lote; validar domínio/unidade e não somar valores repetidos por apartamento.",Proposta de revisão; não implementada
legado,topografia,Manter,Ficha territorial,"Características, infraestrutura, contagens e dimensões do lote; validar domínio/unidade e não somar valores repetidos por apartamento.",Proposta de revisão; não implementada
legado,info_nivel_ipt,Manter,Ficha territorial,"Características, infraestrutura, contagens e dimensões do lote; validar domínio/unidade e não somar valores repetidos por apartamento.",Proposta de revisão; não implementada
legado,nivel,Manter,Ficha territorial,"Características, infraestrutura, contagens e dimensões do lote; validar domínio/unidade e não somar valores repetidos por apartamento.",Proposta de revisão; não implementada
legado,info_solo_ipt,Manter,Ficha territorial,"Características, infraestrutura, contagens e dimensões do lote; validar domínio/unidade e não somar valores repetidos por apartamento.",Proposta de revisão; não implementada
legado,pedologia,Manter,Ficha territorial,"Características, infraestrutura, contagens e dimensões do lote; validar domínio/unidade e não somar valores repetidos por apartamento.",Proposta de revisão; não implementada
legado,uso_cod,Manter,Ficha cadastral e dicionário,"Conservar código e descrição para traduzir domínios, situação e características. Preservar classificação fiscal separada de tipo comercial; nulo/zero não são automaticamente ausência.",Proposta de revisão; não implementada
legado,uso,Manter,Ficha cadastral e dicionário,"Conservar código e descrição para traduzir domínios, situação e características. Preservar classificação fiscal separada de tipo comercial; nulo/zero não são automaticamente ausência.",Proposta de revisão; não implementada
legado,info_forma_uso_ipt,Manter,Ficha cadastral e dicionário,"Conservar código e descrição para traduzir domínios, situação e características. Preservar classificação fiscal separada de tipo comercial; nulo/zero não são automaticamente ausência.",Proposta de revisão; não implementada
legado,forma_uso,Manter,Ficha cadastral e dicionário,"Conservar código e descrição para traduzir domínios, situação e características. Preservar classificação fiscal separada de tipo comercial; nulo/zero não são automaticamente ausência.",Proposta de revisão; não implementada
legado,info_uso_do_solo_ipt,Manter,Classificação territorial,Uso do solo/zoneamento cadastral com interesse imobiliário; manter código de origem sem equiparar a zoneamento atual até tradução oficial.,Proposta de revisão; não implementada
legado,numr_inscr_atvecon_ipt,Excluir,Não migrar,Inscrição administrativa de atividade sem vínculo definido com a ficha do imóvel; uso/forma de uso serão mantidos.,Proposta de revisão; não implementada
legado,numr_pavimentos_ipt,Manter,Ficha cadastral,Características e contagens físicas; localizar na entidade certa e distinguir desconhecido de zero e quantidade de indicador de existência.,Proposta de revisão; não implementada
legado,numr_localiz_ipt,Manter,Ficha cadastral,Características e contagens físicas; localizar na entidade certa e distinguir desconhecido de zero e quantidade de indicador de existência.,Proposta de revisão; não implementada
legado,numr_elevadores_ipt,Manter,Ficha cadastral,Características e contagens físicas; localizar na entidade certa e distinguir desconhecido de zero e quantidade de indicador de existência.,Proposta de revisão; não implementada
legado,numr_vagas_cob_ipt,Manter,Ficha cadastral,Características e contagens físicas; localizar na entidade certa e distinguir desconhecido de zero e quantidade de indicador de existência.,Proposta de revisão; não implementada
legado,numr_vagas_desc_ipt,Manter,Ficha cadastral,Características e contagens físicas; localizar na entidade certa e distinguir desconhecido de zero e quantidade de indicador de existência.,Proposta de revisão; não implementada
legado,numr_garagens_ipt,Manter,Ficha cadastral,Características e contagens físicas; localizar na entidade certa e distinguir desconhecido de zero e quantidade de indicador de existência.,Proposta de revisão; não implementada
legado,info_posicao_edf_ipt,Manter,Ficha cadastral e dicionário,"Conservar código e descrição para traduzir domínios, situação e características. Preservar classificação fiscal separada de tipo comercial; nulo/zero não são automaticamente ausência.",Proposta de revisão; não implementada
legado,info_estrutura_ipt,Manter,Ficha cadastral e dicionário,"Conservar código e descrição para traduzir domínios, situação e características. Preservar classificação fiscal separada de tipo comercial; nulo/zero não são automaticamente ausência.",Proposta de revisão; não implementada
legado,estrutura,Manter,Ficha cadastral e dicionário,"Conservar código e descrição para traduzir domínios, situação e características. Preservar classificação fiscal separada de tipo comercial; nulo/zero não são automaticamente ausência.",Proposta de revisão; não implementada
legado,info_esquadria_ipt,Manter,Ficha cadastral e dicionário,"Conservar código e descrição para traduzir domínios, situação e características. Preservar classificação fiscal separada de tipo comercial; nulo/zero não são automaticamente ausência.",Proposta de revisão; não implementada
legado,esquadrias,Manter,Ficha cadastral e dicionário,"Conservar código e descrição para traduzir domínios, situação e características. Preservar classificação fiscal separada de tipo comercial; nulo/zero não são automaticamente ausência.",Proposta de revisão; não implementada
legado,info_piso_ipt,Manter,Ficha cadastral e dicionário,"Conservar código e descrição para traduzir domínios, situação e características. Preservar classificação fiscal separada de tipo comercial; nulo/zero não são automaticamente ausência.",Proposta de revisão; não implementada
legado,piso,Manter,Ficha cadastral e dicionário,"Conservar código e descrição para traduzir domínios, situação e características. Preservar classificação fiscal separada de tipo comercial; nulo/zero não são automaticamente ausência.",Proposta de revisão; não implementada
legado,info_forro_ipt,Manter,Ficha cadastral e dicionário,"Conservar código e descrição para traduzir domínios, situação e características. Preservar classificação fiscal separada de tipo comercial; nulo/zero não são automaticamente ausência.",Proposta de revisão; não implementada
legado,forro,Manter,Ficha cadastral e dicionário,"Conservar código e descrição para traduzir domínios, situação e características. Preservar classificação fiscal separada de tipo comercial; nulo/zero não são automaticamente ausência.",Proposta de revisão; não implementada
legado,info_inst_elet_ipt,Manter,Ficha cadastral e dicionário,"Conservar código e descrição para traduzir domínios, situação e características. Preservar classificação fiscal separada de tipo comercial; nulo/zero não são automaticamente ausência.",Proposta de revisão; não implementada
legado,instalacao_eletrica,Manter,Ficha cadastral e dicionário,"Conservar código e descrição para traduzir domínios, situação e características. Preservar classificação fiscal separada de tipo comercial; nulo/zero não são automaticamente ausência.",Proposta de revisão; não implementada
legado,info_inst_sanit_ipt,Manter,Ficha cadastral e dicionário,"Conservar código e descrição para traduzir domínios, situação e características. Preservar classificação fiscal separada de tipo comercial; nulo/zero não são automaticamente ausência.",Proposta de revisão; não implementada
legado,instalacao_sanitaria,Manter,Ficha cadastral e dicionário,"Conservar código e descrição para traduzir domínios, situação e características. Preservar classificação fiscal separada de tipo comercial; nulo/zero não são automaticamente ausência.",Proposta de revisão; não implementada
legado,info_rev_interno_ipt,Manter,Ficha cadastral e dicionário,"Conservar código e descrição para traduzir domínios, situação e características. Preservar classificação fiscal separada de tipo comercial; nulo/zero não são automaticamente ausência.",Proposta de revisão; não implementada
legado,revestimento_interno,Manter,Ficha cadastral e dicionário,"Conservar código e descrição para traduzir domínios, situação e características. Preservar classificação fiscal separada de tipo comercial; nulo/zero não são automaticamente ausência.",Proposta de revisão; não implementada
legado,info_ac_interno_ipt,Manter,Ficha cadastral e dicionário,"Conservar código e descrição para traduzir domínios, situação e características. Preservar classificação fiscal separada de tipo comercial; nulo/zero não são automaticamente ausência.",Proposta de revisão; não implementada
legado,acabamento_interno,Manter,Ficha cadastral e dicionário,"Conservar código e descrição para traduzir domínios, situação e características. Preservar classificação fiscal separada de tipo comercial; nulo/zero não são automaticamente ausência.",Proposta de revisão; não implementada
legado,info_rev_externo_ipt,Manter,Ficha cadastral e dicionário,"Conservar código e descrição para traduzir domínios, situação e características. Preservar classificação fiscal separada de tipo comercial; nulo/zero não são automaticamente ausência.",Proposta de revisão; não implementada
legado,revestimento_externo,Manter,Ficha cadastral e dicionário,"Conservar código e descrição para traduzir domínios, situação e características. Preservar classificação fiscal separada de tipo comercial; nulo/zero não são automaticamente ausência.",Proposta de revisão; não implementada
legado,info_ac_externo_ipt,Manter,Ficha cadastral e dicionário,"Conservar código e descrição para traduzir domínios, situação e características. Preservar classificação fiscal separada de tipo comercial; nulo/zero não são automaticamente ausência.",Proposta de revisão; não implementada
legado,acabamento_externo,Manter,Ficha cadastral e dicionário,"Conservar código e descrição para traduzir domínios, situação e características. Preservar classificação fiscal separada de tipo comercial; nulo/zero não são automaticamente ausência.",Proposta de revisão; não implementada
legado,info_cobertura_ipt,Manter,Ficha cadastral e dicionário,"Conservar código e descrição para traduzir domínios, situação e características. Preservar classificação fiscal separada de tipo comercial; nulo/zero não são automaticamente ausência.",Proposta de revisão; não implementada
legado,cobertura,Manter,Ficha cadastral e dicionário,"Conservar código e descrição para traduzir domínios, situação e características. Preservar classificação fiscal separada de tipo comercial; nulo/zero não são automaticamente ausência.",Proposta de revisão; não implementada
legado,info_conservacao_ipt,Manter,Ficha cadastral e dicionário,"Conservar código e descrição para traduzir domínios, situação e características. Preservar classificação fiscal separada de tipo comercial; nulo/zero não são automaticamente ausência.",Proposta de revisão; não implementada
legado,conservacao,Manter,Ficha cadastral e dicionário,"Conservar código e descrição para traduzir domínios, situação e características. Preservar classificação fiscal separada de tipo comercial; nulo/zero não são automaticamente ausência.",Proposta de revisão; não implementada
legado,info_agua_ipt,Manter,Ficha territorial,"Características, infraestrutura, contagens e dimensões do lote; validar domínio/unidade e não somar valores repetidos por apartamento.",Proposta de revisão; não implementada
legado,info_esgoto_ipt,Manter,Ficha territorial,"Características, infraestrutura, contagens e dimensões do lote; validar domínio/unidade e não somar valores repetidos por apartamento.",Proposta de revisão; não implementada
legado,info_ocupacao_ipt,Manter,Ficha cadastral e dicionário,"Conservar código e descrição para traduzir domínios, situação e características. Preservar classificação fiscal separada de tipo comercial; nulo/zero não são automaticamente ausência.",Proposta de revisão; não implementada
legado,ocupacao,Manter,Ficha cadastral e dicionário,"Conservar código e descrição para traduzir domínios, situação e características. Preservar classificação fiscal separada de tipo comercial; nulo/zero não são automaticamente ausência.",Proposta de revisão; não implementada
legado,info_fecho_ipt,Manter,Ficha territorial,"Características, infraestrutura, contagens e dimensões do lote; validar domínio/unidade e não somar valores repetidos por apartamento.",Proposta de revisão; não implementada
legado,numr_arvores_ipt,Manter,Ficha territorial,"Características, infraestrutura, contagens e dimensões do lote; validar domínio/unidade e não somar valores repetidos por apartamento.",Proposta de revisão; não implementada
legado,numr_postes_ipt,Manter,Ficha territorial,"Características, infraestrutura, contagens e dimensões do lote; validar domínio/unidade e não somar valores repetidos por apartamento.",Proposta de revisão; não implementada
legado,codg_edificio_ipt,Manter,Vínculos e identidade,Identificar unidade/lote/edifício e manter vínculos cadastrais; não juntar unidades por prefixo. Validar formato e domínio de unidade principal.,Proposta de revisão; não implementada
legado,numr_setor_inscr_ipt,Manter,Vínculos e identidade,Identificar unidade/lote/edifício e manter vínculos cadastrais; não juntar unidades por prefixo. Validar formato e domínio de unidade principal.,Proposta de revisão; não implementada
legado,numr_quadra_inscr_ipt,Manter,Vínculos e identidade,Identificar unidade/lote/edifício e manter vínculos cadastrais; não juntar unidades por prefixo. Validar formato e domínio de unidade principal.,Proposta de revisão; não implementada
legado,numr_lote_inscr_ipt,Manter,Vínculos e identidade,Identificar unidade/lote/edifício e manter vínculos cadastrais; não juntar unidades por prefixo. Validar formato e domínio de unidade principal.,Proposta de revisão; não implementada
legado,numr_sublote_inscr_ipt,Manter,Vínculos e identidade,Identificar unidade/lote/edifício e manter vínculos cadastrais; não juntar unidades por prefixo. Validar formato e domínio de unidade principal.,Proposta de revisão; não implementada
legado,numr_digito_inscr_ipt,Manter,Vínculos e identidade,Identificar unidade/lote/edifício e manter vínculos cadastrais; não juntar unidades por prefixo. Validar formato e domínio de unidade principal.,Proposta de revisão; não implementada
legado,numr_processo_ipt,Excluir,Não migrar,"Matrícula de operador, número de processo e comentário administrativo interno; explicitamente fora da migração.",Proposta de revisão; não implementada
legado,codg_status_rel_ipt,Excluir,Não migrar,"Controle fiscal/processual, revisão, geração de débito ou parcelas sem necessidade definida para identificação e descrição imobiliária.",Proposta de revisão; não implementada
legado,data_recad_geo_ipt,Excluir,Não migrar,Datas/controles de inclusão e recadastramento e horário de operação; não são idade do imóvel e não têm papel definido na ficha consolidada.,Proposta de revisão; não implementada
legado,codg_devolucao_ipt,Excluir,Não migrar,"Controle fiscal/processual, revisão, geração de débito ou parcelas sem necessidade definida para identificação e descrição imobiliária.",Proposta de revisão; não implementada
legado,info_zona_usosolo_ipt,Manter,Classificação territorial,Uso do solo/zoneamento cadastral com interesse imobiliário; manter código de origem sem equiparar a zoneamento atual até tradução oficial.,Proposta de revisão; não implementada
legado,endereco_rural_ipt,Manter,Ficha rural,Informação imobiliária rara mas presente; preservar campos rurais com unidade/domínio próprios. Não remover por baixa frequência nem equiparar domínio rural ao urbano.,Proposta de revisão; não implementada
legado,descricao_rural_ipt,Manter,Ficha rural,Informação imobiliária rara mas presente; preservar campos rurais com unidade/domínio próprios. Não remover por baixa frequência nem equiparar domínio rural ao urbano.,Proposta de revisão; não implementada
legado,qtde_area_terreno_rural_ipt,Manter,Ficha rural,Informação imobiliária rara mas presente; preservar campos rurais com unidade/domínio próprios. Não remover por baixa frequência nem equiparar domínio rural ao urbano.,Proposta de revisão; não implementada
legado,qtde_area_edificada_rural_ipt,Manter,Ficha rural,Informação imobiliária rara mas presente; preservar campos rurais com unidade/domínio próprios. Não remover por baixa frequência nem equiparar domínio rural ao urbano.,Proposta de revisão; não implementada
legado,info_topografia_rural_ipt,Manter,Ficha rural,Informação imobiliária rara mas presente; preservar campos rurais com unidade/domínio próprios. Não remover por baixa frequência nem equiparar domínio rural ao urbano.,Proposta de revisão; não implementada
legado,info_solo_rural_ipt,Manter,Ficha rural,Informação imobiliária rara mas presente; preservar campos rurais com unidade/domínio próprios. Não remover por baixa frequência nem equiparar domínio rural ao urbano.,Proposta de revisão; não implementada
legado,info_estrutura_rural_ipt,Manter,Ficha rural,Informação imobiliária rara mas presente; preservar campos rurais com unidade/domínio próprios. Não remover por baixa frequência nem equiparar domínio rural ao urbano.,Proposta de revisão; não implementada
legado,info_esquadria_rural_ipt,Manter,Ficha rural,Informação imobiliária rara mas presente; preservar campos rurais com unidade/domínio próprios. Não remover por baixa frequência nem equiparar domínio rural ao urbano.,Proposta de revisão; não implementada
legado,info_piso_rural_ipt,Manter,Ficha rural,Informação imobiliária rara mas presente; preservar campos rurais com unidade/domínio próprios. Não remover por baixa frequência nem equiparar domínio rural ao urbano.,Proposta de revisão; não implementada
legado,info_forro_rural_ipt,Manter,Ficha rural,Informação imobiliária rara mas presente; preservar campos rurais com unidade/domínio próprios. Não remover por baixa frequência nem equiparar domínio rural ao urbano.,Proposta de revisão; não implementada
legado,info_inst_elet_rural_ipt,Manter,Ficha rural,Informação imobiliária rara mas presente; preservar campos rurais com unidade/domínio próprios. Não remover por baixa frequência nem equiparar domínio rural ao urbano.,Proposta de revisão; não implementada
legado,info_inst_sanit_rural_ipt,Manter,Ficha rural,Informação imobiliária rara mas presente; preservar campos rurais com unidade/domínio próprios. Não remover por baixa frequência nem equiparar domínio rural ao urbano.,Proposta de revisão; não implementada
legado,info_rev_interno_rural_ipt,Manter,Ficha rural,Informação imobiliária rara mas presente; preservar campos rurais com unidade/domínio próprios. Não remover por baixa frequência nem equiparar domínio rural ao urbano.,Proposta de revisão; não implementada
legado,info_ac_interno_rural_ipt,Manter,Ficha rural,Informação imobiliária rara mas presente; preservar campos rurais com unidade/domínio próprios. Não remover por baixa frequência nem equiparar domínio rural ao urbano.,Proposta de revisão; não implementada
legado,info_rev_externo_rural_ipt,Manter,Ficha rural,Informação imobiliária rara mas presente; preservar campos rurais com unidade/domínio próprios. Não remover por baixa frequência nem equiparar domínio rural ao urbano.,Proposta de revisão; não implementada
legado,info_ac_externo_rural_ipt,Manter,Ficha rural,Informação imobiliária rara mas presente; preservar campos rurais com unidade/domínio próprios. Não remover por baixa frequência nem equiparar domínio rural ao urbano.,Proposta de revisão; não implementada
legado,info_cobertura_rural_ipt,Manter,Ficha rural,Informação imobiliária rara mas presente; preservar campos rurais com unidade/domínio próprios. Não remover por baixa frequência nem equiparar domínio rural ao urbano.,Proposta de revisão; não implementada
legado,info_conservacao_rural_ipt,Manter,Ficha rural,Informação imobiliária rara mas presente; preservar campos rurais com unidade/domínio próprios. Não remover por baixa frequência nem equiparar domínio rural ao urbano.,Proposta de revisão; não implementada
legado,info_ocupacao_rural_ipt,Manter,Ficha rural,Informação imobiliária rara mas presente; preservar campos rurais com unidade/domínio próprios. Não remover por baixa frequência nem equiparar domínio rural ao urbano.,Proposta de revisão; não implementada
legado,info_geradeb_habita_ipt,Excluir,Não migrar,"Controle fiscal/processual, revisão, geração de débito ou parcelas sem necessidade definida para identificação e descrição imobiliária.",Proposta de revisão; não implementada
legado,info_qtde_parcelas_ipt,Excluir,Não migrar,"Controle fiscal/processual, revisão, geração de débito ou parcelas sem necessidade definida para identificação e descrição imobiliária.",Proposta de revisão; não implementada
legado,data_referencia_ipt,Excluir,Não migrar,Referência temporal de significado não confirmado; não usar como atualização do imóvel nem migrar por ser uma data preenchida.,Proposta de revisão; não implementada
legado,info_total_sublote_virtual_ipt,Manter,Qualidade cadastral,Apoio para detectar unidades virtuais e contagens não físicas; domínio deve ser esclarecido antes de filtrar ou excluir registros.,Proposta de revisão; não implementada
legado,info_exclui_virtual_ipt,Manter,Qualidade cadastral,Apoio para detectar unidades virtuais e contagens não físicas; domínio deve ser esclarecido antes de filtrar ou excluir registros.,Proposta de revisão; não implementada
legado,hora_alteracao_ipt,Excluir,Não migrar,Datas/controles de inclusão e recadastramento e horário de operação; não são idade do imóvel e não têm papel definido na ficha consolidada.,Proposta de revisão; não implementada
legado,info_observacao_ipt,Excluir,Não migrar,"Matrícula de operador, número de processo e comentário administrativo interno; explicitamente fora da migração.",Proposta de revisão; não implementada
legado,qtde_area_consolid_ipt,Excluir,Não migrar,"Conceitos de área consolidada/ZPA não esclarecidos; excluir deste recorte até definição, sem preencher áreas conhecidas por semelhança de nome.",Proposta de revisão; não implementada
legado,tipo_revisao_ipt,Excluir,Não migrar,"Controle fiscal/processual, revisão, geração de débito ou parcelas sem necessidade definida para identificação e descrição imobiliária.",Proposta de revisão; não implementada
legado,valr_aliqrevisao_ipt,Excluir,Não migrar,"Controle fiscal/processual, revisão, geração de débito ou parcelas sem necessidade definida para identificação e descrição imobiliária.",Proposta de revisão; não implementada
legado,info_liminarcosip_ipt,Excluir,Não migrar,"Controle fiscal/processual, revisão, geração de débito ou parcelas sem necessidade definida para identificação e descrição imobiliária.",Proposta de revisão; não implementada
legado,qtde_area_zpa_ipt,Excluir,Não migrar,"Conceitos de área consolidada/ZPA não esclarecidos; excluir deste recorte até definição, sem preencher áreas conhecidas por semelhança de nome.",Proposta de revisão; não implementada
legado,super_bai_lograd_quadra_ipt,Excluir,Não migrar,Chaves compostas auxiliares redundantes para união por IPTU/vínculos explícitos; sem necessidade funcional adicional demonstrada.,Proposta de revisão; não implementada
legado,super_bairro_quadra_ipt,Excluir,Não migrar,Chaves compostas auxiliares redundantes para união por IPTU/vínculos explícitos; sem necessidade funcional adicional demonstrada.,Proposta de revisão; não implementada
legado,numr_inscricao_iptu_lote,Manter,Vínculos e identidade,Identificar unidade/lote/edifício e manter vínculos cadastrais; não juntar unidades por prefixo. Validar formato e domínio de unidade principal.,Proposta de revisão; não implementada
legado,pontos_bic,Manter,Ficha cadastral,"Pontuação construtiva municipal; guardar referência e domínio. Não chamar de preço, avaliação comercial ou qualidade validada independentemente.",Proposta de revisão; não implementada
legado,data_inclusao_ipt_dt,Excluir,Não migrar,Datas/controles de inclusão e recadastramento e horário de operação; não são idade do imóvel e não têm papel definido na ficha consolidada.,Proposta de revisão; não implementada
legado,data_alteracao_ipt_dt,Manter,Atualidade cadastral,"Data da última alteração cadastral informada pelo legado; manter para avaliar atualidade conhecida, sem presumir que todos os atributos mudaram nela.",Proposta de revisão; não implementada
legado,data_recad_geo_ipt_dt,Excluir,Não migrar,Datas/controles de inclusão e recadastramento e horário de operação; não são idade do imóvel e não têm papel definido na ficha consolidada.,Proposta de revisão; não implementada
legado,info_e_cpf_cgc_ipt,Manter,Vínculos de pessoa,Identificar contribuinte e cruzar relação imobiliária por pessoa; dado cadastral não confirma proprietário atual. Não expor automaticamente em ficha pública.,Proposta de revisão; não implementada
legado,numr_inscricao_iptu_nr,Excluir,Não migrar,"Coincide com inscricao_cartografica nas 831597 linhas: excluir a coluna duplicada da base consolidada, preservando o arquivo original.",Proposta de revisão; não implementada
legado,numr_cartorio_ipt,Manter,Registro cadastral,"Preservar cartório e matrícula declarados, com município; não presumir prova de titularidade.",Proposta de revisão; não implementada
legado,matr_registro_cartorio_ipt,Manter,Registro cadastral,"Preservar cartório e matrícula declarados, com município; não presumir prova de titularidade.",Proposta de revisão; não implementada
legado,info_piscina_ipt,Manter,Amenidades compartilhadas,"Amenidades potencialmente do lote/conjunto; conservar domínio e nível, sem atribuir posse privativa a toda unidade.",Proposta de revisão; não implementada
legado,info_sauna_ipt,Manter,Amenidades compartilhadas,"Amenidades potencialmente do lote/conjunto; conservar domínio e nível, sem atribuir posse privativa a toda unidade.",Proposta de revisão; não implementada
legado,info_home_cinema_ipt,Manter,Amenidades da unidade,Características imobiliárias da unidade; traduzir domínio e preservar dados raros do original sem tratar preenchimento como sim.,Proposta de revisão; não implementada
legado,info_churrasq_coletiva_ipt,Manter,Amenidades compartilhadas,"Amenidades potencialmente do lote/conjunto; conservar domínio e nível, sem atribuir posse privativa a toda unidade.",Proposta de revisão; não implementada
legado,info_churrasq_privativa_ipt,Manter,Amenidades da unidade,Características imobiliárias da unidade; traduzir domínio e preservar dados raros do original sem tratar preenchimento como sim.,Proposta de revisão; não implementada
legado,info_quadra_poliesportiva_ipt,Manter,Amenidades compartilhadas,"Amenidades potencialmente do lote/conjunto; conservar domínio e nível, sem atribuir posse privativa a toda unidade.",Proposta de revisão; não implementada
legado,info_quadra_tenis_ipt,Manter,Amenidades compartilhadas,"Amenidades potencialmente do lote/conjunto; conservar domínio e nível, sem atribuir posse privativa a toda unidade.",Proposta de revisão; não implementada
legado,info_playgraund_briquedoteca_ipt,Manter,Amenidades compartilhadas,"Amenidades potencialmente do lote/conjunto; conservar domínio e nível, sem atribuir posse privativa a toda unidade.",Proposta de revisão; não implementada
legado,info_elevador_ipt,Manter,Amenidades compartilhadas,"Amenidades potencialmente do lote/conjunto; conservar domínio e nível, sem atribuir posse privativa a toda unidade.",Proposta de revisão; não implementada
legado,info_energia_solar_ipt,Manter,Amenidades da unidade,Características imobiliárias da unidade; traduzir domínio e preservar dados raros do original sem tratar preenchimento como sim.,Proposta de revisão; não implementada
legado,info_academia_ginastica_ipt,Manter,Amenidades compartilhadas,"Amenidades potencialmente do lote/conjunto; conservar domínio e nível, sem atribuir posse privativa a toda unidade.",Proposta de revisão; não implementada
legado,info_salao_festa_ipt,Manter,Amenidades compartilhadas,"Amenidades potencialmente do lote/conjunto; conservar domínio e nível, sem atribuir posse privativa a toda unidade.",Proposta de revisão; não implementada
legado,info_espaco_gourmet_ipt,Manter,Amenidades compartilhadas,"Amenidades potencialmente do lote/conjunto; conservar domínio e nível, sem atribuir posse privativa a toda unidade.",Proposta de revisão; não implementada
legado,info_gerador_ipt,Manter,Amenidades compartilhadas,"Amenidades potencialmente do lote/conjunto; conservar domínio e nível, sem atribuir posse privativa a toda unidade.",Proposta de revisão; não implementada
legado,info_heliponto_ipt,Manter,Amenidades compartilhadas,"Amenidades potencialmente do lote/conjunto; conservar domínio e nível, sem atribuir posse privativa a toda unidade.",Proposta de revisão; não implementada
legado,info_escaninho_ipt,Manter,Amenidades compartilhadas,"Amenidades potencialmente do lote/conjunto; conservar domínio e nível, sem atribuir posse privativa a toda unidade.",Proposta de revisão; não implementada
legado,info_mais_2_box_garagem_ipt,Manter,Amenidades da unidade,Características imobiliárias da unidade; traduzir domínio e preservar dados raros do original sem tratar preenchimento como sim.,Proposta de revisão; não implementada
legado,info_lage_tecnica_ipt,Manter,Amenidades da unidade,Características imobiliárias da unidade; traduzir domínio e preservar dados raros do original sem tratar preenchimento como sim.,Proposta de revisão; não implementada
legado,info_sala_reuniao_ipt,Manter,Amenidades da unidade,Características imobiliárias da unidade; traduzir domínio e preservar dados raros do original sem tratar preenchimento como sim.,Proposta de revisão; não implementada
legado,info_isolamento_acustico_ipt,Manter,Amenidades da unidade,Características imobiliárias da unidade; traduzir domínio e preservar dados raros do original sem tratar preenchimento como sim.,Proposta de revisão; não implementada
legado,info_rede_frigorigena_ipt,Manter,Amenidades da unidade,Características imobiliárias da unidade; traduzir domínio e preservar dados raros do original sem tratar preenchimento como sim.,Proposta de revisão; não implementada
legado,info_mais_de_uma_suite_ipt,Manter,Amenidades da unidade,Características imobiliárias da unidade; traduzir domínio e preservar dados raros do original sem tratar preenchimento como sim.,Proposta de revisão; não implementada
legado,info_lavabo_ipt,Manter,Amenidades da unidade,Características imobiliárias da unidade; traduzir domínio e preservar dados raros do original sem tratar preenchimento como sim.,Proposta de revisão; não implementada
legado,tipo_imposto,Manter,Ficha cadastral e dicionário,"Conservar código e descrição para traduzir domínios, situação e características. Preservar classificação fiscal separada de tipo comercial; nulo/zero não são automaticamente ausência.",Proposta de revisão; não implementada
legado,geom,Excluir,Não migrar,"Vazio no CSV inteiro; geometria será obtida da GEO360, com entidade e referência espacial validadas.",Proposta de revisão; não implementada
imobiliario,id,Manter,Vínculos e identidade,Identificar a unidade e preservar aliases/vínculos cadastrais; IDs internos não substituem IPTU. Interpretar unidade principal antes de agrupar acessórias.,Proposta de revisão; não implementada
imobiliario,geom,Manter,Localização,Localizar a unidade; validar referência espacial e precisão. Não confundir sua geometria com a do lote ou da edificação.,Proposta de revisão; não implementada
imobiliario,numero_cadastro,Manter,Vínculos e identidade,Identificar a unidade e preservar aliases/vínculos cadastrais; IDs internos não substituem IPTU. Interpretar unidade principal antes de agrupar acessórias.,Proposta de revisão; não implementada
imobiliario,inscricao_cartografica,Manter,Vínculos e identidade,Identificar a unidade e preservar aliases/vínculos cadastrais; IDs internos não substituem IPTU. Interpretar unidade principal antes de agrupar acessórias.,Proposta de revisão; não implementada
imobiliario,nr_unidade,Manter,Vínculos e identidade,Identificar a unidade e preservar aliases/vínculos cadastrais; IDs internos não substituem IPTU. Interpretar unidade principal antes de agrupar acessórias.,Proposta de revisão; não implementada
imobiliario,id_lote,Manter,Vínculos e identidade,Identificar a unidade e preservar aliases/vínculos cadastrais; IDs internos não substituem IPTU. Interpretar unidade principal antes de agrupar acessórias.,Proposta de revisão; não implementada
imobiliario,status,Manter,Ficha cadastral,"Classificar situação, uso e construção do imóvel; traduzir domínio e sentinelas antes de exibir ou filtrar.",Proposta de revisão; não implementada
imobiliario,id_secao,Manter,Vínculos e identidade,Relacionar unidade aos cadastros territoriais por IDs com namespace próprio; sem exposição de IDs técnicos na ficha.,Proposta de revisão; não implementada
imobiliario,nr_porta,Manter,Ficha cadastral,"Compor endereço e identificação da unidade; conservar divergências entre origens, sem sobrescrita automática.",Proposta de revisão; não implementada
imobiliario,complemento,Manter,Ficha cadastral,"Compor endereço e identificação da unidade; conservar divergências entre origens, sem sobrescrita automática.",Proposta de revisão; não implementada
imobiliario,ct_tipo_geo,Excluir,Não migrar,"Controle operacional de geocodificação/cancelamento/notificação; conservar o status cadastral estruturado, sem migrar o processo interno.",Proposta de revisão; não implementada
imobiliario,ct_data_geo,Excluir,Não migrar,Datas de criação/edição/fluxo técnico sem correspondência comprovada com atualização de cada atributo imobiliário. Não usar como idade do imóvel nem como versão vencedora.,Proposta de revisão; não implementada
imobiliario,ct_operador_geo,Excluir,Não migrar,"Identificação de operadores internos; não contribui para identidade, localização ou características do imóvel.",Proposta de revisão; não implementada
imobiliario,ct_justificativa,Excluir,Não migrar,Justificativa/comentário interno; não migrar para base consolidada ou anúncio.,Proposta de revisão; não implementada
imobiliario,ct_cancelamento,Excluir,Não migrar,"Controle operacional de geocodificação/cancelamento/notificação; conservar o status cadastral estruturado, sem migrar o processo interno.",Proposta de revisão; não implementada
imobiliario,dt_criacao,Excluir,Não migrar,Datas de criação/edição/fluxo técnico sem correspondência comprovada com atualização de cada atributo imobiliário. Não usar como idade do imóvel nem como versão vencedora.,Proposta de revisão; não implementada
imobiliario,area_construida_legado,Manter,Áreas separadas,"Cada área representa conceito/método distinto. Guardar separada e validar unidade, significado e qualidade antes de formar o valor da ficha.",Proposta de revisão; não implementada
imobiliario,id_area_cadastro,Manter,Vínculos e identidade,Relacionar unidade aos cadastros territoriais por IDs com namespace próprio; sem exposição de IDs técnicos na ficha.,Proposta de revisão; não implementada
imobiliario,area_terreno_fracao,Manter,Áreas separadas,"Cada área representa conceito/método distinto. Guardar separada e validar unidade, significado e qualidade antes de formar o valor da ficha.",Proposta de revisão; não implementada
imobiliario,area_construida_calculada,Manter,Áreas separadas,"Cada área representa conceito/método distinto. Guardar separada e validar unidade, significado e qualidade antes de formar o valor da ficha.",Proposta de revisão; não implementada
imobiliario,area_construida_comum,Manter,Áreas separadas,"Cada área representa conceito/método distinto. Guardar separada e validar unidade, significado e qualidade antes de formar o valor da ficha.",Proposta de revisão; não implementada
imobiliario,area_construida_equivalente,Manter,Áreas separadas,"Cada área representa conceito/método distinto. Guardar separada e validar unidade, significado e qualidade antes de formar o valor da ficha.",Proposta de revisão; não implementada
imobiliario,area_construida_privativa,Manter,Áreas separadas,"Cada área representa conceito/método distinto. Guardar separada e validar unidade, significado e qualidade antes de formar o valor da ficha.",Proposta de revisão; não implementada
imobiliario,area_construida_manual,Manter,Áreas separadas,"Cada área representa conceito/método distinto. Guardar separada e validar unidade, significado e qualidade antes de formar o valor da ficha.",Proposta de revisão; não implementada
imobiliario,estrutura,Manter,Ficha cadastral,"Descrever características construtivas e pavimentos da unidade; confirmar domínios e tratar divergências, nulo, zero e 999.",Proposta de revisão; não implementada
imobiliario,cobertura,Manter,Ficha cadastral,"Descrever características construtivas e pavimentos da unidade; confirmar domínios e tratar divergências, nulo, zero e 999.",Proposta de revisão; não implementada
imobiliario,revestimento_externo,Manter,Ficha cadastral,"Descrever características construtivas e pavimentos da unidade; confirmar domínios e tratar divergências, nulo, zero e 999.",Proposta de revisão; não implementada
imobiliario,tipo_edificacao,Manter,Ficha cadastral,"Classificar situação, uso e construção do imóvel; traduzir domínio e sentinelas antes de exibir ou filtrar.",Proposta de revisão; não implementada
imobiliario,status_proprietario,Manter,Vínculos de pessoa,"Apoio ao vínculo cadastral de pessoa, sem presumir titularidade atual. Campo direto nulo não substitui a consulta à relação imobiliario_pessoa; tipo/status requer domínio.",Proposta de revisão; não implementada
imobiliario,inscricao_legado,Manter,Vínculos e identidade,Identificar a unidade e preservar aliases/vínculos cadastrais; IDs internos não substituem IPTU. Interpretar unidade principal antes de agrupar acessórias.,Proposta de revisão; não implementada
imobiliario,nr_lote_anterior,Manter,Vínculos e identidade,"Auxilia histórico de recadastro/renumeração do lote. Preservar alias, sem usá-lo sozinho para unir unidades.",Proposta de revisão; não implementada
imobiliario,ct_usuario_caract,Excluir,Não migrar,"Identificação de operadores internos; não contribui para identidade, localização ou características do imóvel.",Proposta de revisão; não implementada
imobiliario,ct_data_alteracao,Excluir,Não migrar,Datas de criação/edição/fluxo técnico sem correspondência comprovada com atualização de cada atributo imobiliário. Não usar como idade do imóvel nem como versão vencedora.,Proposta de revisão; não implementada
imobiliario,inscricao_anterior,Manter,Vínculos e identidade,Identificar a unidade e preservar aliases/vínculos cadastrais; IDs internos não substituem IPTU. Interpretar unidade principal antes de agrupar acessórias.,Proposta de revisão; não implementada
imobiliario,uso,Manter,Ficha cadastral,"Classificar situação, uso e construção do imóvel; traduzir domínio e sentinelas antes de exibir ou filtrar.",Proposta de revisão; não implementada
imobiliario,posicionamento,Manter,Ficha cadastral,"Classificar situação, uso e construção do imóvel; traduzir domínio e sentinelas antes de exibir ou filtrar.",Proposta de revisão; não implementada
imobiliario,situacao_edificacao,Manter,Ficha cadastral,"Classificar situação, uso e construção do imóvel; traduzir domínio e sentinelas antes de exibir ou filtrar.",Proposta de revisão; não implementada
imobiliario,id_distrito,Manter,Vínculos e identidade,Relacionar unidade aos cadastros territoriais por IDs com namespace próprio; sem exposição de IDs técnicos na ficha.,Proposta de revisão; não implementada
imobiliario,id_setor,Manter,Vínculos e identidade,Relacionar unidade aos cadastros territoriais por IDs com namespace próprio; sem exposição de IDs técnicos na ficha.,Proposta de revisão; não implementada
imobiliario,id_bairro,Manter,Vínculos e identidade,Relacionar unidade aos cadastros territoriais por IDs com namespace próprio; sem exposição de IDs técnicos na ficha.,Proposta de revisão; não implementada
imobiliario,id_quadra,Manter,Vínculos e identidade,Relacionar unidade aos cadastros territoriais por IDs com namespace próprio; sem exposição de IDs técnicos na ficha.,Proposta de revisão; não implementada
imobiliario,id_contribuinte,Manter,Vínculos de pessoa,"Apoio ao vínculo cadastral de pessoa, sem presumir titularidade atual. Campo direto nulo não substitui a consulta à relação imobiliario_pessoa; tipo/status requer domínio.",Proposta de revisão; não implementada
imobiliario,inscricao_topocart,Excluir,Não migrar,"Identificador da origem/levantamento auxiliar sem vínculo necessário demonstrado; IPTU, aliases legados e IDs GEO360 já são mantidos.",Proposta de revisão; não implementada
imobiliario,acabamento_externo,Manter,Ficha cadastral,"Descrever características construtivas e pavimentos da unidade; confirmar domínios e tratar divergências, nulo, zero e 999.",Proposta de revisão; não implementada
imobiliario,esquadrias,Manter,Ficha cadastral,"Descrever características construtivas e pavimentos da unidade; confirmar domínios e tratar divergências, nulo, zero e 999.",Proposta de revisão; não implementada
imobiliario,conservacao,Manter,Ficha cadastral,"Descrever características construtivas e pavimentos da unidade; confirmar domínios e tratar divergências, nulo, zero e 999.",Proposta de revisão; não implementada
imobiliario,dt_ultima_atualizacao,Excluir,Não migrar,Datas de criação/edição/fluxo técnico sem correspondência comprovada com atualização de cada atributo imobiliário. Não usar como idade do imóvel nem como versão vencedora.,Proposta de revisão; não implementada
imobiliario,churrasqueira_privativa,Manter,Ficha cadastral,Amenidades da unidade com finalidade imobiliária; códigos preenchidos não significam automaticamente presença. Validar domínio.,Proposta de revisão; não implementada
imobiliario,energia_solar,Manter,Ficha cadastral,Amenidades da unidade com finalidade imobiliária; códigos preenchidos não significam automaticamente presença. Validar domínio.,Proposta de revisão; não implementada
imobiliario,pavimentos,Manter,Ficha cadastral,"Descrever características construtivas e pavimentos da unidade; confirmar domínios e tratar divergências, nulo, zero e 999.",Proposta de revisão; não implementada
imobiliario,ct_codg_logra_pref,Manter,Vínculos e identidade,Código municipal do logradouro: coincidiu com o legado em 1000 pares. É dado imobiliário apesar do prefixo ct_.,Proposta de revisão; não implementada
imobiliario,piso,Manter,Ficha cadastral,"Descrever características construtivas e pavimentos da unidade; confirmar domínios e tratar divergências, nulo, zero e 999.",Proposta de revisão; não implementada
imobiliario,forro,Manter,Ficha cadastral,"Descrever características construtivas e pavimentos da unidade; confirmar domínios e tratar divergências, nulo, zero e 999.",Proposta de revisão; não implementada
imobiliario,instalacao_eletrica,Manter,Ficha cadastral,"Descrever características construtivas e pavimentos da unidade; confirmar domínios e tratar divergências, nulo, zero e 999.",Proposta de revisão; não implementada
imobiliario,instalacao_sanitaria,Manter,Ficha cadastral,"Descrever características construtivas e pavimentos da unidade; confirmar domínios e tratar divergências, nulo, zero e 999.",Proposta de revisão; não implementada
imobiliario,revestimento_interno,Manter,Ficha cadastral,"Descrever características construtivas e pavimentos da unidade; confirmar domínios e tratar divergências, nulo, zero e 999.",Proposta de revisão; não implementada
imobiliario,acabamento_interno,Manter,Ficha cadastral,"Descrever características construtivas e pavimentos da unidade; confirmar domínios e tratar divergências, nulo, zero e 999.",Proposta de revisão; não implementada
imobiliario,home_cinema,Manter,Ficha cadastral,Amenidades da unidade com finalidade imobiliária; códigos preenchidos não significam automaticamente presença. Validar domínio.,Proposta de revisão; não implementada
imobiliario,mais_2_box_garagem,Manter,Ficha cadastral,Amenidades da unidade com finalidade imobiliária; códigos preenchidos não significam automaticamente presença. Validar domínio.,Proposta de revisão; não implementada
imobiliario,laje_tecnica,Manter,Ficha cadastral,Amenidades da unidade com finalidade imobiliária; códigos preenchidos não significam automaticamente presença. Validar domínio.,Proposta de revisão; não implementada
imobiliario,sala_reuniao,Manter,Ficha cadastral,Amenidades da unidade com finalidade imobiliária; códigos preenchidos não significam automaticamente presença. Validar domínio.,Proposta de revisão; não implementada
imobiliario,isolam_acustico,Manter,Ficha cadastral,Amenidades da unidade com finalidade imobiliária; códigos preenchidos não significam automaticamente presença. Validar domínio.,Proposta de revisão; não implementada
imobiliario,rede_frigorigena,Manter,Ficha cadastral,Amenidades da unidade com finalidade imobiliária; códigos preenchidos não significam automaticamente presença. Validar domínio.,Proposta de revisão; não implementada
imobiliario,mais_uma_suite,Manter,Ficha cadastral,Amenidades da unidade com finalidade imobiliária; códigos preenchidos não significam automaticamente presença. Validar domínio.,Proposta de revisão; não implementada
imobiliario,lavabo,Manter,Ficha cadastral,Amenidades da unidade com finalidade imobiliária; códigos preenchidos não significam automaticamente presença. Validar domínio.,Proposta de revisão; não implementada
imobiliario,tipo_construcao,Manter,Ficha cadastral,"Classificar situação, uso e construção do imóvel; traduzir domínio e sentinelas antes de exibir ou filtrar.",Proposta de revisão; não implementada
imobiliario,forma_uso,Manter,Ficha cadastral,"Classificar situação, uso e construção do imóvel; traduzir domínio e sentinelas antes de exibir ou filtrar.",Proposta de revisão; não implementada
imobiliario,atividade_economica,Excluir,Não migrar,"Significado do campo e utilidade além de uso/forma de uso não confirmados; excluir deste recorte até definição, sem misturar inscrição com categoria de atividade.",Proposta de revisão; não implementada
imobiliario,nr_unidade_principal,Manter,Vínculos e identidade,Identificar a unidade e preservar aliases/vínculos cadastrais; IDs internos não substituem IPTU. Interpretar unidade principal antes de agrupar acessórias.,Proposta de revisão; não implementada
imobiliario,matricula_registro_cartorio,Manter,Registro cadastral,Preservar referência declarada de matrícula; não tratá-la como certidão nem prova de proprietário atual.,Proposta de revisão; não implementada
imobiliario,ct_observacao_prefeitura,Excluir,Não migrar,Justificativa/comentário interno; não migrar para base consolidada ou anúncio.,Proposta de revisão; não implementada
imobiliario,valor_venal_terreno_dados_legado,Manter,Referência fiscal imobiliária,"Valor de referência fiscal imobiliária, separado de preço anunciado e valor de transação; validar data/unidade/método.",Proposta de revisão; não implementada
imobiliario,ocupacao,Manter,Ficha cadastral,"Classificar situação, uso e construção do imóvel; traduzir domínio e sentinelas antes de exibir ou filtrar.",Proposta de revisão; não implementada
imobiliario,dt_atualizacao_tributario,Manter,Atualidade cadastral,"Data de atualização tributária, útil para contextualizar atributos fiscais; não representa necessariamente atualização de toda a ficha.",Proposta de revisão; não implementada
imobiliario,pgv_terreno,Manter,Referência fiscal imobiliária,"Valor de referência fiscal imobiliária, separado de preço anunciado e valor de transação; validar data/unidade/método.",Proposta de revisão; não implementada
imobiliario,valor_venal,Manter,Referência fiscal imobiliária,"Valor de referência fiscal imobiliária, separado de preço anunciado e valor de transação; validar data/unidade/método.",Proposta de revisão; não implementada
imobiliario,codigo_sia_cadiptu_asg,Manter,Vínculos e identidade,Identificar a unidade e preservar aliases/vínculos cadastrais; IDs internos não substituem IPTU. Interpretar unidade principal antes de agrupar acessórias.,Proposta de revisão; não implementada
imobiliario,x_coord,Excluir,Não migrar,Representação de coordenadas sem referência espacial confirmada e redundante com geom/latitude/longitude selecionados.,Proposta de revisão; não implementada
imobiliario,y_coord,Excluir,Não migrar,Representação de coordenadas sem referência espacial confirmada e redundante com geom/latitude/longitude selecionados.,Proposta de revisão; não implementada
imobiliario,latitude,Manter,Localização,Localizar a unidade; validar referência espacial e precisão. Não confundir sua geometria com a do lote ou da edificação.,Proposta de revisão; não implementada
imobiliario,longitude,Manter,Localização,Localizar a unidade; validar referência espacial e precisão. Não confundir sua geometria com a do lote ou da edificação.,Proposta de revisão; não implementada
imobiliario,ct_notificar,Excluir,Não migrar,"Controle operacional de geocodificação/cancelamento/notificação; conservar o status cadastral estruturado, sem migrar o processo interno.",Proposta de revisão; não implementada
imobiliario,nr_apm,Excluir,Não migrar,Significado não confirmado. Não atribuir finalidade imobiliária apenas pela abreviatura; reavaliar se o dicionário demonstrar necessidade.,Proposta de revisão; não implementada
lote,id,Manter,Vínculos e identidade,Identificar o lote e suas relações territoriais/condominiais; não equivaler lote a prédio ou unidade.,Proposta de revisão; não implementada
lote,geom,Manter,Localização,Representação espacial e medidas do lote; validar referência/unidade. Área geométrica não substitui área fiscal.,Proposta de revisão; não implementada
lote,inscricao_cartografica,Manter,Vínculos e identidade,Identificar o lote e suas relações territoriais/condominiais; não equivaler lote a prédio ou unidade.,Proposta de revisão; não implementada
lote,id_bairro,Manter,Vínculos e identidade,Identificar o lote e suas relações territoriais/condominiais; não equivaler lote a prédio ou unidade.,Proposta de revisão; não implementada
lote,id_quadra,Manter,Vínculos e identidade,Identificar o lote e suas relações territoriais/condominiais; não equivaler lote a prédio ou unidade.,Proposta de revisão; não implementada
lote,id_face_quadra,Manter,Vínculos e identidade,Identificar o lote e suas relações territoriais/condominiais; não equivaler lote a prédio ou unidade.,Proposta de revisão; não implementada
lote,natureza,Manter,Ficha territorial,"Natureza, uso e condição patrimonial do lote; úteis à classificação imobiliária, com domínio confirmado antes da elegibilidade.",Proposta de revisão; não implementada
lote,nr_lote,Manter,Ficha territorial,Rótulos/endereço/nome do imóvel ou condomínio; úteis à navegação. Confirmar preenchimento e não usar nomes como chave de união.,Proposta de revisão; não implementada
lote,dt_criacao,Excluir,Não migrar,Datas administrativas de criação/edição sem atualização de atributo comprovada; excluir conforme recorte definido.,Proposta de revisão; não implementada
lote,area_construida_privativa,Manter,Áreas separadas,"Preservar medidas por conceito e nível do lote, sem repeti-las como área de cada apartamento nem somá-las por unidade.",Proposta de revisão; não implementada
lote,situacao_foto,Manter,Qualidade da informação,Apoio para avaliar disponibilidade da foto e confiabilidade da localização; não representam status de publicação do CRM. Confirmar domínio.,Proposta de revisão; não implementada
lote,ct_observacao,Excluir,Não migrar,"Comentários, devolutivas e observações internas; não migrar.",Proposta de revisão; não implementada
lote,ct_pos_geo,Excluir,Não migrar,"Controle de trabalho de campo, recadastramento, conferência documental ou edição; não necessário à ficha consolidada.",Proposta de revisão; não implementada
lote,ct_usuario,Excluir,Não migrar,Identificação de usuários operadores internos sem função na ficha imobiliária.,Proposta de revisão; não implementada
lote,ct_data_alteracao,Excluir,Não migrar,Datas administrativas de criação/edição sem atualização de atributo comprovada; excluir conforme recorte definido.,Proposta de revisão; não implementada
lote,id_area_cadastro,Manter,Vínculos e identidade,Identificar o lote e suas relações territoriais/condominiais; não equivaler lote a prédio ou unidade.,Proposta de revisão; não implementada
lote,id_distrito,Manter,Vínculos e identidade,Identificar o lote e suas relações territoriais/condominiais; não equivaler lote a prédio ou unidade.,Proposta de revisão; não implementada
lote,id_setor,Manter,Vínculos e identidade,Identificar o lote e suas relações territoriais/condominiais; não equivaler lote a prédio ou unidade.,Proposta de revisão; não implementada
lote,area_terreno_geometrica,Manter,Áreas separadas,"Preservar medidas por conceito e nível do lote, sem repeti-las como área de cada apartamento nem somá-las por unidade.",Proposta de revisão; não implementada
lote,lote_comum,Manter,Ficha territorial,"Natureza, uso e condição patrimonial do lote; úteis à classificação imobiliária, com domínio confirmado antes da elegibilidade.",Proposta de revisão; não implementada
lote,id_condominio,Manter,Vínculos e identidade,Identificar o lote e suas relações territoriais/condominiais; não equivaler lote a prédio ou unidade.,Proposta de revisão; não implementada
lote,area_construida_comum,Manter,Áreas separadas,"Preservar medidas por conceito e nível do lote, sem repeti-las como área de cada apartamento nem somá-las por unidade.",Proposta de revisão; não implementada
lote,calculo_fracao,Manter,Apoio à interpretação de área,Indica método ligado à fração; necessário para interpretar áreas associadas. Guardar separado e confirmar significado antes de cálculo/exibição.,Proposta de revisão; não implementada
lote,area_terreno_equivalente,Manter,Áreas separadas,"Preservar medidas por conceito e nível do lote, sem repeti-las como área de cada apartamento nem somá-las por unidade.",Proposta de revisão; não implementada
lote,area_terreno_manual,Manter,Áreas separadas,"Preservar medidas por conceito e nível do lote, sem repeti-las como área de cada apartamento nem somá-las por unidade.",Proposta de revisão; não implementada
lote,area_terreno_comum,Manter,Áreas separadas,"Preservar medidas por conceito e nível do lote, sem repeti-las como área de cada apartamento nem somá-las por unidade.",Proposta de revisão; não implementada
lote,area_terreno_privativa,Manter,Áreas separadas,"Preservar medidas por conceito e nível do lote, sem repeti-las como área de cada apartamento nem somá-las por unidade.",Proposta de revisão; não implementada
lote,area_terreno_legado,Manter,Áreas separadas,"Preservar medidas por conceito e nível do lote, sem repeti-las como área de cada apartamento nem somá-las por unidade.",Proposta de revisão; não implementada
lote,topografia,Manter,Ficha territorial,"Características físicas e infraestrutura do lote; traduzir códigos, sem converter qualquer valor preenchido em sim.",Proposta de revisão; não implementada
lote,pedologia,Manter,Ficha territorial,"Características físicas e infraestrutura do lote; traduzir códigos, sem converter qualquer valor preenchido em sim.",Proposta de revisão; não implementada
lote,situacao_lote,Manter,Ficha territorial,"Características físicas e infraestrutura do lote; traduzir códigos, sem converter qualquer valor preenchido em sim.",Proposta de revisão; não implementada
lote,status_campo,Excluir,Não migrar,"Controle de trabalho de campo, recadastramento, conferência documental ou edição; não necessário à ficha consolidada.",Proposta de revisão; não implementada
lote,nr_lote_topocart,Excluir,Não migrar,Rótulos da origem de levantamento sem relação adicional comprovada; não substituir inscrição e identificação territorial escolhidas.,Proposta de revisão; não implementada
lote,status_geocodificacao,Manter,Qualidade da informação,Apoio para avaliar disponibilidade da foto e confiabilidade da localização; não representam status de publicação do CRM. Confirmar domínio.,Proposta de revisão; não implementada
lote,status_recadastramento,Excluir,Não migrar,"Controle de trabalho de campo, recadastramento, conferência documental ou edição; não necessário à ficha consolidada.",Proposta de revisão; não implementada
lote,patrimonio,Manter,Ficha territorial,"Natureza, uso e condição patrimonial do lote; úteis à classificação imobiliária, com domínio confirmado antes da elegibilidade.",Proposta de revisão; não implementada
lote,benfeitoria,Manter,Ficha territorial,Benfeitorias/amenidades do lote ou conjunto; confirmar domínio. Não atribuir propriedade privativa a todas as unidades.,Proposta de revisão; não implementada
lote,passeio,Manter,Ficha territorial,Benfeitorias/amenidades do lote ou conjunto; confirmar domínio. Não atribuir propriedade privativa a todas as unidades.,Proposta de revisão; não implementada
lote,qtd_unidades,Manter,Ficha territorial,Quantidades/dimensões declaradas; manter conceitos distintos e separar unidades totais de unidades elegíveis/acessórias.,Proposta de revisão; não implementada
lote,ct_devolutiva,Excluir,Não migrar,"Comentários, devolutivas e observações internas; não migrar.",Proposta de revisão; não implementada
lote,jardim,Manter,Ficha territorial,Benfeitorias/amenidades do lote ou conjunto; confirmar domínio. Não atribuir propriedade privativa a todas as unidades.,Proposta de revisão; não implementada
lote,quadra,Manter,Ficha territorial,Benfeitorias/amenidades do lote ou conjunto; confirmar domínio. Não atribuir propriedade privativa a todas as unidades.,Proposta de revisão; não implementada
lote,piscina,Manter,Ficha territorial,Benfeitorias/amenidades do lote ou conjunto; confirmar domínio. Não atribuir propriedade privativa a todas as unidades.,Proposta de revisão; não implementada
lote,utilizacao,Manter,Ficha territorial,"Natureza, uso e condição patrimonial do lote; úteis à classificação imobiliária, com domínio confirmado antes da elegibilidade.",Proposta de revisão; não implementada
lote,ct_area,Excluir,Não migrar,"Campos de conferência/variação com definição não validada; manter áreas explicitamente tipadas e calcular divergências próprias, sem importar o fluxo interno.",Proposta de revisão; não implementada
lote,ct_observacao_area,Excluir,Não migrar,"Comentários, devolutivas e observações internas; não migrar.",Proposta de revisão; não implementada
lote,id_lote_comum,Manter,Vínculos e identidade,Identificar o lote e suas relações territoriais/condominiais; não equivaler lote a prédio ou unidade.,Proposta de revisão; não implementada
lote,nr_frente,Manter,Ficha territorial,Quantidades/dimensões declaradas; manter conceitos distintos e separar unidades totais de unidades elegíveis/acessórias.,Proposta de revisão; não implementada
lote,id_loteamento,Manter,Vínculos e identidade,Identificar o lote e suas relações territoriais/condominiais; não equivaler lote a prédio ou unidade.,Proposta de revisão; não implementada
lote,profundidade,Manter,Ficha territorial,Quantidades/dimensões declaradas; manter conceitos distintos e separar unidades totais de unidades elegíveis/acessórias.,Proposta de revisão; não implementada
lote,inscricao_topocart,Excluir,Não migrar,Rótulos da origem de levantamento sem relação adicional comprovada; não substituir inscrição e identificação territorial escolhidas.,Proposta de revisão; não implementada
lote,testada_principal,Manter,Ficha territorial,Quantidades/dimensões declaradas; manter conceitos distintos e separar unidades totais de unidades elegíveis/acessórias.,Proposta de revisão; não implementada
lote,pmg_id,Excluir,Não migrar,Identificadores de camadas/sistemas auxiliares sem vínculo necessário demonstrado no modelo; IDs explícitos GEO360 permanecem.,Proposta de revisão; não implementada
lote,ct_observacao_geom,Excluir,Não migrar,"Comentários, devolutivas e observações internas; não migrar.",Proposta de revisão; não implementada
lote,ct_status_alteracao,Excluir,Não migrar,"Controle de trabalho de campo, recadastramento, conferência documental ou edição; não necessário à ficha consolidada.",Proposta de revisão; não implementada
lote,centroide_geom,Manter,Localização,Representação espacial e medidas do lote; validar referência/unidade. Área geométrica não substitui área fiscal.,Proposta de revisão; não implementada
lote,total_imoveis,Manter,Ficha territorial,Quantidades/dimensões declaradas; manter conceitos distintos e separar unidades totais de unidades elegíveis/acessórias.,Proposta de revisão; não implementada
lote,tipo_propriedade,Manter,Ficha territorial,"Natureza, uso e condição patrimonial do lote; úteis à classificação imobiliária, com domínio confirmado antes da elegibilidade.",Proposta de revisão; não implementada
lote,ct_planta_sefic,Excluir,Não migrar,"Controle de trabalho de campo, recadastramento, conferência documental ou edição; não necessário à ficha consolidada.",Proposta de revisão; não implementada
lote,ct_oficio360,Excluir,Não migrar,"Controle de trabalho de campo, recadastramento, conferência documental ou edição; não necessário à ficha consolidada.",Proposta de revisão; não implementada
lote,esgoto,Manter,Ficha territorial,"Características físicas e infraestrutura do lote; traduzir códigos, sem converter qualquer valor preenchido em sim.",Proposta de revisão; não implementada
lote,agua,Manter,Ficha territorial,"Características físicas e infraestrutura do lote; traduzir códigos, sem converter qualquer valor preenchido em sim.",Proposta de revisão; não implementada
lote,fecho,Manter,Ficha territorial,"Características físicas e infraestrutura do lote; traduzir códigos, sem converter qualquer valor preenchido em sim.",Proposta de revisão; não implementada
lote,quadra_tenis,Manter,Ficha territorial,Benfeitorias/amenidades do lote ou conjunto; confirmar domínio. Não atribuir propriedade privativa a todas as unidades.,Proposta de revisão; não implementada
lote,churrasqueira_coletiva,Manter,Ficha territorial,Benfeitorias/amenidades do lote ou conjunto; confirmar domínio. Não atribuir propriedade privativa a todas as unidades.,Proposta de revisão; não implementada
lote,sauna,Manter,Ficha territorial,Benfeitorias/amenidades do lote ou conjunto; confirmar domínio. Não atribuir propriedade privativa a todas as unidades.,Proposta de revisão; não implementada
lote,playground_brinquedoteca,Manter,Ficha territorial,Benfeitorias/amenidades do lote ou conjunto; confirmar domínio. Não atribuir propriedade privativa a todas as unidades.,Proposta de revisão; não implementada
lote,elevador,Manter,Ficha territorial,Benfeitorias/amenidades do lote ou conjunto; confirmar domínio. Não atribuir propriedade privativa a todas as unidades.,Proposta de revisão; não implementada
lote,academia_ginastica,Manter,Ficha territorial,Benfeitorias/amenidades do lote ou conjunto; confirmar domínio. Não atribuir propriedade privativa a todas as unidades.,Proposta de revisão; não implementada
lote,salao_festa,Manter,Ficha territorial,Benfeitorias/amenidades do lote ou conjunto; confirmar domínio. Não atribuir propriedade privativa a todas as unidades.,Proposta de revisão; não implementada
lote,espaco_gourmet,Manter,Ficha territorial,Benfeitorias/amenidades do lote ou conjunto; confirmar domínio. Não atribuir propriedade privativa a todas as unidades.,Proposta de revisão; não implementada
lote,gerador,Manter,Ficha territorial,Benfeitorias/amenidades do lote ou conjunto; confirmar domínio. Não atribuir propriedade privativa a todas as unidades.,Proposta de revisão; não implementada
lote,heliponto,Manter,Ficha territorial,Benfeitorias/amenidades do lote ou conjunto; confirmar domínio. Não atribuir propriedade privativa a todas as unidades.,Proposta de revisão; não implementada
lote,escaninhos,Manter,Ficha territorial,Benfeitorias/amenidades do lote ou conjunto; confirmar domínio. Não atribuir propriedade privativa a todas as unidades.,Proposta de revisão; não implementada
lote,nivel,Manter,Ficha territorial,"Características físicas e infraestrutura do lote; traduzir códigos, sem converter qualquer valor preenchido em sim.",Proposta de revisão; não implementada
lote,area_zpa,Excluir,Não migrar,Conceito/unidade de ZPA ainda não definido; não migrar como área consolidada até esclarecimento da Prefeitura.,Proposta de revisão; não implementada
lote,ct_observacao_prefeitura,Excluir,Não migrar,"Comentários, devolutivas e observações internas; não migrar.",Proposta de revisão; não implementada
lote,ct_var_area_terreno,Excluir,Não migrar,"Campos de conferência/variação com definição não validada; manter áreas explicitamente tipadas e calcular divergências próprias, sem importar o fluxo interno.",Proposta de revisão; não implementada
lote,nr_lote_loteamento,Manter,Ficha territorial,Rótulos/endereço/nome do imóvel ou condomínio; úteis à navegação. Confirmar preenchimento e não usar nomes como chave de união.,Proposta de revisão; não implementada
lote,ct_contem_planta,Excluir,Não migrar,"Controle de trabalho de campo, recadastramento, conferência documental ou edição; não necessário à ficha consolidada.",Proposta de revisão; não implementada
lote,id_secao,Manter,Vínculos e identidade,Identificar o lote e suas relações territoriais/condominiais; não equivaler lote a prédio ou unidade.,Proposta de revisão; não implementada
lote,dt_atualizacao_tributario,Manter,Atualidade cadastral,"Data de referência da atualização tributária do lote, distinta da coleta e da edição operacional.",Proposta de revisão; não implementada
lote,nr_predial,Manter,Ficha territorial,Rótulos/endereço/nome do imóvel ou condomínio; úteis à navegação. Confirmar preenchimento e não usar nomes como chave de união.,Proposta de revisão; não implementada
lote,pmg_objectid,Excluir,Não migrar,Identificadores de camadas/sistemas auxiliares sem vínculo necessário demonstrado no modelo; IDs explícitos GEO360 permanecem.,Proposta de revisão; não implementada
lote,nm_lot,Excluir,Não migrar,"Abreviações/aliases de camada sem significado e necessidade confirmados; excluir do recorte, sem presumir equivalência a campos conhecidos.",Proposta de revisão; não implementada
lote,cd_err,Excluir,Não migrar,"Abreviações/aliases de camada sem significado e necessidade confirmados; excluir do recorte, sem presumir equivalência a campos conhecidos.",Proposta de revisão; não implementada
lote,nm_imovel,Manter,Ficha territorial,Rótulos/endereço/nome do imóvel ou condomínio; úteis à navegação. Confirmar preenchimento e não usar nomes como chave de união.,Proposta de revisão; não implementada
lote,pmg_id_dis,Excluir,Não migrar,Identificadores de camadas/sistemas auxiliares sem vínculo necessário demonstrado no modelo; IDs explícitos GEO360 permanecem.,Proposta de revisão; não implementada
lote,pmg_id_qdr,Excluir,Não migrar,Identificadores de camadas/sistemas auxiliares sem vínculo necessário demonstrado no modelo; IDs explícitos GEO360 permanecem.,Proposta de revisão; não implementada
lote,pmg_id_seg,Excluir,Não migrar,Identificadores de camadas/sistemas auxiliares sem vínculo necessário demonstrado no modelo; IDs explícitos GEO360 permanecem.,Proposta de revisão; não implementada
lote,nm,Excluir,Não migrar,"Abreviações/aliases de camada sem significado e necessidade confirmados; excluir do recorte, sem presumir equivalência a campos conhecidos.",Proposta de revisão; não implementada
lote,ci_lot,Excluir,Não migrar,"Abreviações/aliases de camada sem significado e necessidade confirmados; excluir do recorte, sem presumir equivalência a campos conhecidos.",Proposta de revisão; não implementada
lote,ci_qdr,Excluir,Não migrar,"Abreviações/aliases de camada sem significado e necessidade confirmados; excluir do recorte, sem presumir equivalência a campos conhecidos.",Proposta de revisão; não implementada
lote,ci,Excluir,Não migrar,"Abreviações/aliases de camada sem significado e necessidade confirmados; excluir do recorte, sem presumir equivalência a campos conhecidos.",Proposta de revisão; não implementada
lote,x_coord,Excluir,Não migrar,Coordenadas auxiliares de referência não confirmada; geom/centroide/latitude/longitude já cobrem localização com validação.,Proposta de revisão; não implementada
lote,y_coord,Excluir,Não migrar,Coordenadas auxiliares de referência não confirmada; geom/centroide/latitude/longitude já cobrem localização com validação.,Proposta de revisão; não implementada
lote,pmg_id_prc,Excluir,Não migrar,Identificadores de camadas/sistemas auxiliares sem vínculo necessário demonstrado no modelo; IDs explícitos GEO360 permanecem.,Proposta de revisão; não implementada
lote,in_cart,Excluir,Não migrar,"Abreviações/aliases de camada sem significado e necessidade confirmados; excluir do recorte, sem presumir equivalência a campos conhecidos.",Proposta de revisão; não implementada
lote,in_vist,Excluir,Não migrar,"Abreviações/aliases de camada sem significado e necessidade confirmados; excluir do recorte, sem presumir equivalência a campos conhecidos.",Proposta de revisão; não implementada
lote,in_cond,Excluir,Não migrar,"Abreviações/aliases de camada sem significado e necessidade confirmados; excluir do recorte, sem presumir equivalência a campos conhecidos.",Proposta de revisão; não implementada
lote,nm_cond,Manter,Ficha territorial,Rótulos/endereço/nome do imóvel ou condomínio; úteis à navegação. Confirmar preenchimento e não usar nomes como chave de união.,Proposta de revisão; não implementada
lote,created_user,Excluir,Não migrar,Identificação de usuários operadores internos sem função na ficha imobiliária.,Proposta de revisão; não implementada
lote,last_edited_user,Excluir,Não migrar,Identificação de usuários operadores internos sem função na ficha imobiliária.,Proposta de revisão; não implementada
lote,last_edited_date,Excluir,Não migrar,Datas administrativas de criação/edição sem atualização de atributo comprovada; excluir conforme recorte definido.,Proposta de revisão; não implementada
lote,area,Manter,Localização,Representação espacial e medidas do lote; validar referência/unidade. Área geométrica não substitui área fiscal.,Proposta de revisão; não implementada
lote,perimeter,Manter,Localização,Representação espacial e medidas do lote; validar referência/unidade. Área geométrica não substitui área fiscal.,Proposta de revisão; não implementada
lote,latitude,Manter,Localização,Representação espacial e medidas do lote; validar referência/unidade. Área geométrica não substitui área fiscal.,Proposta de revisão; não implementada
lote,longitude,Manter,Localização,Representação espacial e medidas do lote; validar referência/unidade. Área geométrica não substitui área fiscal.,Proposta de revisão; não implementada
edificacao,id,Manter,Vínculos e identidade,Identificar polígono de edificação e vínculos territoriais; unidades se relacionam pela tabela imobiliario_edificacao.,Proposta de revisão; não implementada
edificacao,geom,Manter,Geometria de edificação,Forma/localização e medida da edificação física; não transferir sua área integral para cada unidade.,Proposta de revisão; não implementada
edificacao,dt_criacao,Excluir,Não migrar,Criação do registro geométrico não é data de construção do imóvel; excluir data administrativa.,Proposta de revisão; não implementada
edificacao,pavimentos,Manter,Ficha de edificação,Características físicas da construção; confirmar códigos e unidade de beiral_tam.,Proposta de revisão; não implementada
edificacao,situacaofisica,Manter,Ficha de edificação,Características físicas da construção; confirmar códigos e unidade de beiral_tam.,Proposta de revisão; não implementada
edificacao,beiral,Manter,Ficha de edificação,Características físicas da construção; confirmar códigos e unidade de beiral_tam.,Proposta de revisão; não implementada
edificacao,beiral_tam,Manter,Ficha de edificação,Características físicas da construção; confirmar códigos e unidade de beiral_tam.,Proposta de revisão; não implementada
edificacao,area,Manter,Geometria de edificação,Forma/localização e medida da edificação física; não transferir sua área integral para cada unidade.,Proposta de revisão; não implementada
edificacao,ordem,Excluir,Não migrar,"Sequência/tipologia de levantamento, origem auxiliar, controle de vínculo ou geometria auxiliar sem uso adicional confirmado. Preservar geometria principal e vínculo explícito.",Proposta de revisão; não implementada
edificacao,tipo_edif_mapeamento,Excluir,Não migrar,"Sequência/tipologia de levantamento, origem auxiliar, controle de vínculo ou geometria auxiliar sem uso adicional confirmado. Preservar geometria principal e vínculo explícito.",Proposta de revisão; não implementada
edificacao,id_lote,Manter,Vínculos e identidade,Identificar polígono de edificação e vínculos territoriais; unidades se relacionam pela tabela imobiliario_edificacao.,Proposta de revisão; não implementada
edificacao,id_origem,Excluir,Não migrar,"Sequência/tipologia de levantamento, origem auxiliar, controle de vínculo ou geometria auxiliar sem uso adicional confirmado. Preservar geometria principal e vínculo explícito.",Proposta de revisão; não implementada
edificacao,ct_edificacao_comum,Manter,Apoio à interpretação de área,"Indicador potencial de edificação comum, relevante à distinção comum/privativa; manter com domínio pendente, apesar do prefixo ct_.",Proposta de revisão; não implementada
edificacao,manter_id_lote,Excluir,Não migrar,"Sequência/tipologia de levantamento, origem auxiliar, controle de vínculo ou geometria auxiliar sem uso adicional confirmado. Preservar geometria principal e vínculo explícito.",Proposta de revisão; não implementada
edificacao,tipo_edificacao,Manter,Ficha de edificação,Características físicas da construção; confirmar códigos e unidade de beiral_tam.,Proposta de revisão; não implementada
edificacao,id_area_cadastro,Manter,Vínculos e identidade,Identificar polígono de edificação e vínculos territoriais; unidades se relacionam pela tabela imobiliario_edificacao.,Proposta de revisão; não implementada
edificacao,id_quadra,Manter,Vínculos e identidade,Identificar polígono de edificação e vínculos territoriais; unidades se relacionam pela tabela imobiliario_edificacao.,Proposta de revisão; não implementada
edificacao,ct_observacao_prefeitura,Excluir,Não migrar,Comentário interno de operação; não migrar.,Proposta de revisão; não implementada
edificacao,geom_pos,Excluir,Não migrar,"Sequência/tipologia de levantamento, origem auxiliar, controle de vínculo ou geometria auxiliar sem uso adicional confirmado. Preservar geometria principal e vínculo explícito.",Proposta de revisão; não implementada
edificacao,x_coord,Excluir,Não migrar,Coordenadas auxiliares redundantes e de referência não confirmada; priorizar geometria e coordenadas geográficas validadas.,Proposta de revisão; não implementada
edificacao,y_coord,Excluir,Não migrar,Coordenadas auxiliares redundantes e de referência não confirmada; priorizar geometria e coordenadas geográficas validadas.,Proposta de revisão; não implementada
edificacao,perimeter,Manter,Geometria de edificação,Forma/localização e medida da edificação física; não transferir sua área integral para cada unidade.,Proposta de revisão; não implementada
edificacao,latitude,Manter,Geometria de edificação,Forma/localização e medida da edificação física; não transferir sua área integral para cada unidade.,Proposta de revisão; não implementada
edificacao,longitude,Manter,Geometria de edificação,Forma/localização e medida da edificação física; não transferir sua área integral para cada unidade.,Proposta de revisão; não implementada
vw_itbi,id,Manter,Identidade de evento,Identificar lançamento e IPTU relacionado; vários lançamentos do mesmo imóvel não são duplicação do cadastro.,Proposta de revisão; não implementada
vw_itbi,geom,Excluir,Não migrar,Geometria do lançamento não é necessária ao histórico vinculado por IPTU; usar geometria cadastral validada e evitar duplicação.,Proposta de revisão; não implementada
vw_itbi,isn_ist_lancamento_asg,Manter,Identidade de evento,Identificar lançamento e IPTU relacionado; vários lançamentos do mesmo imóvel não são duplicação do cadastro.,Proposta de revisão; não implementada
vw_itbi,tipo_imovel_lan,Manter,Histórico imobiliário,Classificar imóvel e natureza do evento fiscal; interpretar domínio antes de comparação de transações.,Proposta de revisão; não implementada
vw_itbi,data_lancamento_lan,Manter,Histórico imobiliário,"Data do lançamento fiscal: evento de negócio, não data de operação de usuário. Não confundir com registro em cartório.",Proposta de revisão; não implementada
vw_itbi,qtde_area_terreno_lan,Manter,Histórico imobiliário,"Medidas e valores declarados/avaliados no evento, preservados no histórico. Não sobrescrever cadastro atual nem chamar valor declarado de preço de mercado.",Proposta de revisão; não implementada
vw_itbi,qtde_area_edificada_lan,Manter,Histórico imobiliário,"Medidas e valores declarados/avaliados no evento, preservados no histórico. Não sobrescrever cadastro atual nem chamar valor declarado de preço de mercado.",Proposta de revisão; não implementada
vw_itbi,valr_venal_lan,Manter,Histórico imobiliário,"Medidas e valores declarados/avaliados no evento, preservados no histórico. Não sobrescrever cadastro atual nem chamar valor declarado de preço de mercado.",Proposta de revisão; não implementada
vw_itbi,valr_avaliacao_lan,Manter,Histórico imobiliário,"Medidas e valores declarados/avaliados no evento, preservados no histórico. Não sobrescrever cadastro atual nem chamar valor declarado de preço de mercado.",Proposta de revisão; não implementada
vw_itbi,valr_imposto_lan,Excluir,Não migrar,Valor de imposto cobrado não foi definido como necessidade da ficha/consolidação; manter valores imobiliários do evento.,Proposta de revisão; não implementada
vw_itbi,valr_transacao_lan,Manter,Histórico imobiliário,"Medidas e valores declarados/avaliados no evento, preservados no histórico. Não sobrescrever cadastro atual nem chamar valor declarado de preço de mercado.",Proposta de revisão; não implementada
vw_itbi,info_natureza_lan,Manter,Histórico imobiliário,Classificar imóvel e natureza do evento fiscal; interpretar domínio antes de comparação de transações.,Proposta de revisão; não implementada
vw_itbi,numr_inscricao_lan,Manter,Identidade de evento,Identificar lançamento e IPTU relacionado; vários lançamentos do mesmo imóvel não são duplicação do cadastro.,Proposta de revisão; não implementada
vw_itbi,numr_matrvalida_lan,Excluir,Não migrar,Significado da matrícula de validação não confirmado; não assumir que é matrícula imobiliária nem migrar identificação de operador.,Proposta de revisão; não implementada
vw_itbi,vm2t_avaliacao,Excluir,Não migrar,Métrica derivada de definição não confirmada; manter valor e área do evento e só calcular indicadores com fórmula aprovada.,Proposta de revisão; não implementada
foto_360,id,Manter,Vínculos de mídia,Identificador da captura/mídia; não é identificador do imóvel.,Proposta de revisão; não implementada
foto_360,geom,Manter,Associação de mídia,Localização e direção da captura podem apoiar seleção da fachada; validar vínculo sem atribuir foto automaticamente a todos os imóveis próximos.,Proposta de revisão; não implementada
foto_360,frame,Excluir,Não migrar,Metadados de equipamento/posição detalhada sem necessidade definida para a ficha e visualização propostas.,Proposta de revisão; não implementada
foto_360,altitude,Excluir,Não migrar,Metadados de equipamento/posição detalhada sem necessidade definida para a ficha e visualização propostas.,Proposta de revisão; não implementada
foto_360,azimuth,Manter,Associação de mídia,Localização e direção da captura podem apoiar seleção da fachada; validar vínculo sem atribuir foto automaticamente a todos os imóveis próximos.,Proposta de revisão; não implementada
foto_360,latitude,Manter,Associação de mídia,Localização e direção da captura podem apoiar seleção da fachada; validar vínculo sem atribuir foto automaticamente a todos os imóveis próximos.,Proposta de revisão; não implementada
foto_360,longitude,Manter,Associação de mídia,Localização e direção da captura podem apoiar seleção da fachada; validar vínculo sem atribuir foto automaticamente a todos os imóveis próximos.,Proposta de revisão; não implementada
foto_360,pitch,Excluir,Não migrar,Metadados de equipamento/posição detalhada sem necessidade definida para a ficha e visualização propostas.,Proposta de revisão; não implementada
foto_360,roll,Excluir,Não migrar,Metadados de equipamento/posição detalhada sem necessidade definida para a ficha e visualização propostas.,Proposta de revisão; não implementada
foto_360,link_interno,Excluir,Não migrar,"Endereço interno da infraestrutura de mídia; usar link_foto previsto para acesso, sem transportar rotas internas.",Proposta de revisão; não implementada
foto_360,dt_criacao,Excluir,Não migrar,Criação do registro pode ser importação; data de captura não foi comprovada. Excluir até existir campo/documentação que represente a fotografia real.,Proposta de revisão; não implementada
foto_360,link_foto,Manter,Mídia,Link da imagem para uso imobiliário sob demanda; validar disponibilidade e associação. Não baixar imagens em massa por padrão.,Proposta de revisão; não implementada
foto_360,sensor,Excluir,Não migrar,Metadados de equipamento/posição detalhada sem necessidade definida para a ficha e visualização propostas.,Proposta de revisão; não implementada
foto_360,altura_ref,Excluir,Não migrar,Metadados de equipamento/posição detalhada sem necessidade definida para a ficha e visualização propostas.,Proposta de revisão; não implementada
vw_midia_foto_fachada,id_midia,Manter,Vínculos de mídia,Resolver vínculo tipado com entidade de origem; id_origem só faz sentido junto de nome_camada.,Proposta de revisão; não implementada
vw_midia_foto_fachada,geom,Excluir,Não migrar,Vínculo tipado é a referência preferida para a fachada; geometria duplicada não é necessária no recorte inicial.,Proposta de revisão; não implementada
vw_midia_foto_fachada,id_origem,Manter,Vínculos de mídia,Resolver vínculo tipado com entidade de origem; id_origem só faz sentido junto de nome_camada.,Proposta de revisão; não implementada
vw_midia_foto_fachada,nome_camada,Manter,Vínculos de mídia,Resolver vínculo tipado com entidade de origem; id_origem só faz sentido junto de nome_camada.,Proposta de revisão; não implementada
vw_midia_foto_fachada,link,Manter,Mídia,Selecionar link principal e condição da foto; confirmar domínio e associação ao imóvel/lote.,Proposta de revisão; não implementada
vw_midia_foto_fachada,principal,Manter,Mídia,Selecionar link principal e condição da foto; confirmar domínio e associação ao imóvel/lote.,Proposta de revisão; não implementada
vw_midia_foto_fachada,dt_criacao,Excluir,Não migrar,"Datas de criação/edição da associação de mídia, não captura da foto; atualização local de disponibilidade será registrada pelo CRM.",Proposta de revisão; não implementada
vw_midia_foto_fachada,ultimo_update,Excluir,Não migrar,"Datas de criação/edição da associação de mídia, não captura da foto; atualização local de disponibilidade será registrada pelo CRM.",Proposta de revisão; não implementada
vw_midia_foto_fachada,situacao_foto,Manter,Mídia,Selecionar link principal e condição da foto; confirmar domínio e associação ao imóvel/lote.,Proposta de revisão; não implementada
bairro,id,Manter,Endereço,"Traduzir ID/código municipal e nome do bairro para endereço, sem importar metadados de operação.",Proposta de revisão; não implementada
bairro,codigo,Manter,Endereço,"Traduzir ID/código municipal e nome do bairro para endereço, sem importar metadados de operação.",Proposta de revisão; não implementada
bairro,nome,Manter,Endereço,"Traduzir ID/código municipal e nome do bairro para endereço, sem importar metadados de operação.",Proposta de revisão; não implementada
secao,id,Manter,Endereço,Relacionar trecho a logradouro/bairro e interpretar CEP por trecho; não trocar pelo CEP de correspondência.,Proposta de revisão; não implementada
secao,cep,Manter,Endereço,Relacionar trecho a logradouro/bairro e interpretar CEP por trecho; não trocar pelo CEP de correspondência.,Proposta de revisão; não implementada
secao,cep_final,Manter,Endereço,Relacionar trecho a logradouro/bairro e interpretar CEP por trecho; não trocar pelo CEP de correspondência.,Proposta de revisão; não implementada
secao,id_logradouro,Manter,Endereço,Relacionar trecho a logradouro/bairro e interpretar CEP por trecho; não trocar pelo CEP de correspondência.,Proposta de revisão; não implementada
secao,id_bairro,Manter,Endereço,Relacionar trecho a logradouro/bairro e interpretar CEP por trecho; não trocar pelo CEP de correspondência.,Proposta de revisão; não implementada
logradouro,id,Manter,Endereço,Traduzir código/ID e compor nome/tipo de logradouro; validar vínculo de bairro sem assumir equivalência numérica.,Proposta de revisão; não implementada
logradouro,codigo,Manter,Endereço,Traduzir código/ID e compor nome/tipo de logradouro; validar vínculo de bairro sem assumir equivalência numérica.,Proposta de revisão; não implementada
logradouro,nome,Manter,Endereço,Traduzir código/ID e compor nome/tipo de logradouro; validar vínculo de bairro sem assumir equivalência numérica.,Proposta de revisão; não implementada
logradouro,tipo_logradouro,Manter,Endereço,Traduzir código/ID e compor nome/tipo de logradouro; validar vínculo de bairro sem assumir equivalência numérica.,Proposta de revisão; não implementada
logradouro,codigo_bairro,Manter,Endereço,Traduzir código/ID e compor nome/tipo de logradouro; validar vínculo de bairro sem assumir equivalência numérica.,Proposta de revisão; não implementada
imobiliario_pessoa,id,Manter,Vínculos de pessoa,"Preservar relação tipada entre pessoa e imóvel. Confirmar tipo; não equiparar contribuinte, responsável e proprietário atual.",Proposta de revisão; não implementada
imobiliario_pessoa,id_pessoa,Manter,Vínculos de pessoa,"Preservar relação tipada entre pessoa e imóvel. Confirmar tipo; não equiparar contribuinte, responsável e proprietário atual.",Proposta de revisão; não implementada
imobiliario_pessoa,id_imobiliario,Manter,Vínculos de pessoa,"Preservar relação tipada entre pessoa e imóvel. Confirmar tipo; não equiparar contribuinte, responsável e proprietário atual.",Proposta de revisão; não implementada
imobiliario_pessoa,tipo,Manter,Vínculos de pessoa,"Preservar relação tipada entre pessoa e imóvel. Confirmar tipo; não equiparar contribuinte, responsável e proprietário atual.",Proposta de revisão; não implementada
imobiliario_pessoa,dt_criacao,Excluir,Não migrar,Data de criação do vínculo no sistema não comprova aquisição/titularidade; excluir da base consolidada.,Proposta de revisão; não implementada
imobiliario_edificacao,id,Manter,Vínculos de edificação,"Relacionar unidade e edificação; parcela deve ficar como apoio com significado pendente, sem converter automaticamente em fração de área.",Proposta de revisão; não implementada
imobiliario_edificacao,id_imobiliario,Manter,Vínculos de edificação,"Relacionar unidade e edificação; parcela deve ficar como apoio com significado pendente, sem converter automaticamente em fração de área.",Proposta de revisão; não implementada
imobiliario_edificacao,id_edificacao,Manter,Vínculos de edificação,"Relacionar unidade e edificação; parcela deve ficar como apoio com significado pendente, sem converter automaticamente em fração de área.",Proposta de revisão; não implementada
imobiliario_edificacao,parcela,Manter,Vínculos de edificação,"Relacionar unidade e edificação; parcela deve ficar como apoio com significado pendente, sem converter automaticamente em fração de área.",Proposta de revisão; não implementada
imobiliario_edificacao,dt_criacao,Excluir,Não migrar,"Data administrativa de criação do vínculo, sem relação comprovada com construção/aquisição.",Proposta de revisão; não implementada
